{
  "token_acc":100.0,
  "uas":86.1613000908,
  "ents_p":0.0,
  "tags_acc":95.5956424974,
  "las":78.0862016756,
  "ents_r":0.0,
  "ents_f":0.0
}